prediction_date,match_id,match_date,match_number,league,home,away,odds_home,odds_draw,odds_away,market_p_home,market_p_draw,market_p_away,model_p_home,model_p_draw,model_p_away,predicted_result,advice,prediction_basis,predicted_score,predicted_over_under,home_goals,away_goals,actual_result,actual_result_label,result_hit,score_hit,over_under_hit,official_half_score,official_status,settled_at,source_report,model_category,dedicated_league,confidence
2026-08-10,2040794,2026-08-11,周一001,瑞超,天狼星,布鲁马波卡纳,1.2,5.65,8.4,0.7378731343283582,0.1567164179104477,0.105410447761194,0.811117717220396,0.1238035313054791,0.065078751474125,胜,观察,,2-1,大于2.5球,2,2,1,平,0,0,1,2:2,Payout,2026-08-11T21:38:16,2026-08-10-竞彩预测.csv,,,
2026-08-10,2040795,2026-08-11,周一002,瑞超,韦斯特罗斯,佐加顿斯,4.25,3.95,1.56,0.2083199513176355,0.2241417197721394,0.5675383289102249,0.2046550051135734,0.2014595187146749,0.5938854761717516,负,跳过,,1-1,大于2.5球,1,0,0,胜,0,0,0,1:0,Payout,2026-08-11T21:38:16,2026-08-10-竞彩预测.csv,,,
2026-08-10,2040796,2026-08-11,周一003,葡超,圣克拉拉,葡萄牙国民,1.67,3.25,4.5,0.5305160061666817,0.2726036093225718,0.1968803845107463,0.5305160125672042,0.2726036056061396,0.1968803818266563,胜,跳过,,1-0,小于2.5球,2,2,1,平,0,0,0,2:2,Payout,2026-08-11T21:38:16,2026-08-10-竞彩预测.csv,,,
2026-08-11,2040829,2026-08-11,周二002,欧洲冠军联赛,阿拉木图凯拉特,索菲亚列夫斯基,2.6,2.9,2.5,0.3405354626585251,0.3053076561766087,0.3541568811648661,0.3393817783648089,0.3087185046918771,0.3518997169433138,负,跳过,官方赔率80% + 欧战历史/Elo校准20%,1-1,小于2.5球,0,1,2,负,1,0,1,0:1,Payout,2026-08-12T20:06:10,2026-08-11-竞彩预测.csv,,,
2026-08-11,2040818,2026-08-12,周二010,南美解放者杯,弗鲁米嫩塞,里瓦达维亚独立,1.57,3.25,5.4,0.5637558021875652,0.2723374182875315,0.1639067795249032,0.5637558021875652,0.2723374182875315,0.1639067795249032,胜,谨慎主推,官方赔率市场基线（未训练联赛）,1-0,小于2.5球,0,0,1,平,0,0,1,0:0,Payout,2026-08-12T20:06:10,2026-08-11-竞彩预测.csv,,,
2026-08-11,2040816,2026-08-12,周二008,欧洲冠军联赛,格拉茨风暴,费内巴切,4.22,3.85,1.58,0.2097759814605347,0.2299362705879107,0.5602877479515546,0.2047608869249816,0.232014354950911,0.5632247581241073,负,谨慎主推,官方赔率80% + 欧战历史/Elo校准20%,1-2,大于2.5球,0,1,2,负,1,0,0,0:0,Payout,2026-08-12T20:06:10,2026-08-11-竞彩预测.csv,,,
2026-08-11,2040815,2026-08-12,周二007,欧洲冠军联赛,布拉迪斯拉发,米亚尔比,1.68,3.6,3.9,0.5270270270270271,0.2459459459459459,0.227027027027027,0.533117534256729,0.2443641058577394,0.2225183598855314,胜,观察,官方赔率80% + 欧战历史/Elo校准20%,1-0,小于2.5球,2,0,0,胜,1,0,1,0:0,Payout,2026-08-12T20:06:10,2026-08-11-竞彩预测.csv,,,
2026-08-11,2040830,2026-08-12,周二006,欧洲冠军联赛,采列,亚拉腊,1.31,4.52,6.9,0.6758226756406533,0.1958689613029327,0.1283083630564139,0.6699603644051173,0.1985607789802617,0.131478856614621,胜,高置信主推,官方赔率80% + 欧战历史/Elo校准20%,2-1,大于2.5球,2,0,0,胜,1,0,0,0:0,Payout,2026-08-12T20:06:10,2026-08-11-竞彩预测.csv,,,
2026-08-11,2040814,2026-08-12,周二005,欧洲冠军联赛,奈梅亨,奥林匹亚科斯,2.7,3.18,2.25,0.3279702970297029,0.2784653465346534,0.3935643564356435,0.3296137249435589,0.2792854923156833,0.3911007827407579,负,跳过,官方赔率80% + 欧战历史/Elo校准20%,1-1,小于2.5球,1,1,1,平,0,1,1,0:0,Payout,2026-08-12T20:06:10,2026-08-11-竞彩预测.csv,,,
2026-08-11,2040813,2026-08-12,周二004,欧洲冠军联赛,萨巴赫,奥胡斯,1.72,3.68,3.62,0.5147927164806628,0.2406096392246576,0.2445976442946796,0.5257134976543131,0.2375867093677916,0.2366997929778954,胜,观察,官方赔率80% + 欧战历史/Elo校准20%,2-1,大于2.5球,4,0,0,胜,1,0,1,0:0,Payout,2026-08-12T20:06:10,2026-08-11-竞彩预测.csv,,,
2026-08-11,2040812,2026-08-12,周二003,欧洲冠军联赛,博德闪耀,圣吉尔联合,1.48,4.3,4.52,0.5982222003348765,0.2058997340687481,0.1958780655963755,0.6074445007918753,0.2023009382077956,0.190254561000329,胜,谨慎主推,官方赔率80% + 欧战历史/Elo校准20%,2-1,大于2.5球,2,2,1,平,0,0,1,0:0,Payout,2026-08-12T20:06:10,2026-08-11-竞彩预测.csv,,,
2026-08-11,2040817,2026-08-12,周二009,欧洲冠军联赛,里昂,布拉格斯巴达,1.27,4.85,7.35,0.6970366532072778,0.1825229999120088,0.1204403468807133,0.6998501499419701,0.180122955191622,0.1200268948664079,胜,高置信主推,官方赔率80% + 欧战历史/Elo校准20%,2-1,大于2.5球,3,0,0,胜,1,0,1,1:0,Payout,2026-08-12T20:06:10,2026-08-11-竞彩预测.csv,,,
2026-08-13,2040831,2026-08-13,周三001,欧洲超级杯,巴黎圣日尔曼,阿斯顿维拉,1.6,3.48,4.6,0.5532209012994194,0.2543544373790434,0.1924246613215371,0.5532209012994194,0.2543544373790434,0.1924246613215371,胜,谨慎主推,官方赔率市场基线（未训练联赛）,1-0,小于2.5球,2,1,0,胜,1,0,0,1:1,Payout,2026-08-13T18:55:18,2026-08-13-竞彩预测.csv,,,
2026-08-13,2040819,2026-08-13,周三002,南美解放者杯,普拉滕斯,科金博联,1.88,2.67,4.5,0.4712762702689981,0.3318349768186204,0.1968887529123814,0.4712762702689981,0.3318349768186204,0.1968887529123814,胜,跳过,官方赔率市场基线（未训练联赛）,1-0,小于2.5球,1,1,1,平,0,0,1,1:0,Payout,2026-08-13T18:55:18,2026-08-13-竞彩预测.csv,,,
2026-08-13,2040820,2026-08-13,周三003,南美解放者杯,帕尔梅拉斯,波特诺山丘,1.22,4.7,10.5,0.7268683536100391,0.1886764662562229,0.0844551801337378,0.7268683536100391,0.1886764662562229,0.0844551801337378,胜,精选主推,官方赔率市场基线（未训练联赛）,1-0,小于2.5球,1,1,1,平,0,0,1,0:0,Payout,2026-08-13T18:55:18,2026-08-13-竞彩预测.csv,,,
2026-08-13,2040827,2026-08-14,周四009,南美解放者杯,米拉索尔,基多体育大学,1.52,3.35,5.78,0.5825105443343381,0.2643032917576698,0.153186163907992,0.5825105443343381,0.2643032917576698,0.153186163907992,胜,谨慎主推,官方赔率市场基线（未训练联赛）,1-0,小于2.5球,1,1,1,平,0,0,1,1:0,Payout,2026-08-14T13:30:09,2026-08-13-竞彩预测.csv,,,
2026-08-13,2040825,2026-08-14,周四007,欧罗巴联赛,安德莱赫特,塞萨洛尼基,2.72,3.23,2.21,0.3254281949934123,0.2740447957839262,0.4005270092226614,0.3260890958242043,0.2749389417859396,0.3989719623898561,负,跳过,官方赔率80% + 欧战历史校准20%（Elo缺失）,1-1,小于2.5球,3,2,0,胜,0,0,0,1:1,Payout,2026-08-14T13:30:09,2026-08-13-竞彩预测.csv,,,
2026-08-13,2040826,2026-08-14,周四008,欧罗巴联赛,哈茨,本菲卡,5.75,4.65,1.35,0.1539451903623321,0.1903623321684752,0.6556924774691926,0.1500262490982989,0.1922711748060501,0.657702576095651,负,高置信主推,官方赔率80% + 欧战历史校准20%（Elo缺失）,1-2,大于2.5球,1,1,1,平,0,0,0,0:0,Payout,2026-08-14T13:30:09,2026-08-13-竞彩预测.csv,,,
2026-08-13,2040824,2026-08-14,周四006,欧罗巴联赛,格拉斯哥流浪者,比亚韦斯托克,1.39,4.25,5.75,0.6374307140528205,0.2084773394196283,0.1540919465275513,0.649559869867244,0.2018145163972458,0.1486256137355102,胜,高置信主推,官方赔率80% + 欧战历史校准20%（Elo缺失）,2-1,大于2.5球,1,1,1,平,0,0,0,1:0,Payout,2026-08-14T13:30:09,2026-08-13-竞彩预测.csv,,,
2026-08-13,2040823,2026-08-14,周四005,沙特职业联赛,利雅得青年,胡巴尔卡德西亚,4.7,4.32,1.46,0.1884253671593991,0.204999820752124,0.6065748120884766,0.1884253671593991,0.204999820752124,0.6065748120884766,负,高置信主推,官方赔率市场基线（未训练联赛）,1-2,大于2.5球,1,3,2,负,1,0,1,1:1,Payout,2026-08-14T13:30:09,2026-08-13-竞彩预测.csv,,,
2026-08-13,2040822,2026-08-14,周四003,欧罗巴联赛,帕福斯,萨尔茨堡,2.9,3.35,2.06,0.3054891544931385,0.2644532979194333,0.4300575475874281,0.3041349469554125,0.2659571962887219,0.4299078567558655,负,跳过,官方赔率80% + 欧战历史校准20%（Elo缺失）,1-1,小于2.5球,3,3,1,平,0,0,0,2:0,Payout,2026-08-14T13:30:09,2026-08-13-竞彩预测.csv,,,
2026-08-13,2040821,2026-08-14,周四002,欧罗巴联赛,克拉约瓦大学,库奥皮奥,1.33,4.18,7.25,0.6659429668907353,0.2118909440106885,0.1221660890985762,0.6788467277160668,0.2028321076918126,0.1183211645921206,胜,高置信主推,官方赔率80% + 欧战历史校准20%（Elo缺失）,1-0,小于2.5球,2,1,0,胜,1,0,0,1:1,Payout,2026-08-14T13:30:09,2026-08-13-竞彩预测.csv,,,
2026-08-13,2040832,2026-08-14,周四001,沙特职业联赛,艾卜哈,拉斯决心,2.4,3.05,2.6,0.3690088413215449,0.2903676128431829,0.3406235458352722,0.3690088413215449,0.2903676128431829,0.3406235458352722,胜,跳过,官方赔率市场基线（未训练联赛）,1-1,小于2.5球,1,2,2,负,0,0,0,0:2,Payout,2026-08-14T13:30:09,2026-08-13-竞彩预测.csv,,,
2026-08-13,2040833,2026-08-14,周四004,欧罗巴联赛,雷克雅未克维京人,图恩,2.25,3.65,2.43,0.3933346637397725,0.2424665735382159,0.3641987627220115,0.3967409836129339,0.2424545857131686,0.3608044306738975,胜,跳过,官方赔率80% + 欧战历史校准20%（Elo缺失）,2-1,大于2.5球,3,2,0,胜,1,0,1,2:2,Payout,2026-08-14T13:30:09,2026-08-13-竞彩预测.csv,,,
2026-08-13,2040843,2026-08-14,周五001,日职,东京绿茵,柏太阳神,3.9,3.05,1.84,0.2273629623627598,0.2907264108900863,0.4819106267471538,0.2427822064720033,0.3134136622473232,0.4438041312806734,负,跳过,历史数据训练模型,0-0,小于2.5球,1,3,2,负,1,0,0,1:1,Payout,2026-08-14T20:46:29,2026-08-13-竞彩预测.csv,,,
2026-08-13,2040844,2026-08-14,周五002,芬兰超级联赛,瓦萨,TPS图尔库,1.54,3.8,4.6,0.5746975276170436,0.2329037348763808,0.1923987375065755,0.5746975276170436,0.2329037348763808,0.1923987375065755,胜,谨慎主推,官方赔率市场基线（未训练联赛）,1-0,小于2.5球,1,3,2,负,0,0,0,0:2,Payout,2026-08-15T10:29:29,2026-08-13-竞彩预测.csv,市场基线,,低
2026-08-14,2040828,2026-08-14,周四010,南美解放者杯,罗萨里奥中央,科林蒂安,2.08,2.6,3.8,0.4260089686098654,0.3408071748878923,0.2331838565022421,0.4260089686098654,0.3408071748878923,0.2331838565022421,胜,跳过,官方赔率市场基线（未训练联赛）,1-0,小于2.5球,0,0,1,平,0,0,1,0:0,Payout,2026-08-14T13:30:09,2026-08-14-竞彩预测.csv,,,
2026-08-14,2040845,2026-08-15,周五003,德国乙级联赛,基尔,圣保利,2.38,3.23,2.5,0.3719072972126526,0.2740369558409019,0.3540557469464453,0.3719072972126526,0.2740369558409019,0.3540557469464453,胜,跳过,官方赔率市场基线（未训练联赛）,1-1,小于2.5球,2,2,1,平,0,0,0,0:2,Payout,2026-08-15T10:29:29,2026-08-14-竞彩预测.csv,市场基线,,低
2026-08-14,2040846,2026-08-15,周五004,德国乙级联赛,不伦瑞克,波鸿,2.18,3.2,2.8,0.4065335753176043,0.276950998185118,0.3165154264972777,0.4065335753176043,0.276950998185118,0.3165154264972777,胜,跳过,官方赔率市场基线（未训练联赛）,1-1,小于2.5球,0,1,2,负,0,0,1,0:1,Payout,2026-08-15T10:29:29,2026-08-14-竞彩预测.csv,市场基线,,低
2026-08-14,2040847,2026-08-15,周五005,沙特职业联赛,新未来SC,迈季迈阿宽广,1.53,3.75,4.8,0.5791226292167366,0.2362820327204285,0.1845953380628348,0.5791226292167366,0.2362820327204285,0.1845953380628348,胜,谨慎主推,官方赔率市场基线（未训练联赛）,1-0,小于2.5球,2,1,0,胜,1,0,0,2:0,Payout,2026-08-15T10:29:29,2026-08-14-竞彩预测.csv,市场基线,,低
2026-08-14,2040848,2026-08-15,周五006,瑞超,埃尔夫斯堡,韦斯特罗斯,1.57,3.6,4.65,0.5637787320030311,0.2458701692346552,0.1903510987623136,0.5121752098454415,0.2968694681351823,0.1909553220193761,胜,观察,历史数据训练模型,2-1,大于2.5球,3,0,0,胜,1,0,1,1:0,Payout,2026-08-15T10:29:29,2026-08-14-竞彩预测.csv,市场基线,,正常
2026-08-14,2040849,2026-08-15,周五007,挪威超级联赛,罗森博格,维京,2.28,3.6,2.42,0.3882768210503797,0.2459086533319071,0.3658145256177131,0.3882768210503797,0.2459086533319071,0.3658145256177131,胜,跳过,官方赔率市场基线（未训练联赛）,2-1,大于2.5球,2,1,0,胜,1,1,1,1:0,Payout,2026-08-15T10:29:29,2026-08-14-竞彩预测.csv,市场基线,,低
2026-08-14,2040850,2026-08-15,周五008,沙特职业联赛,达曼协定,利雅得,1.9,3.35,3.28,0.4658893364426542,0.2642357430570278,0.269874920500318,0.4658893364426542,0.2642357430570278,0.269874920500318,胜,跳过,官方赔率市场基线（未训练联赛）,1-1,小于2.5球,4,2,0,胜,1,0,0,1:1,Payout,2026-08-15T10:29:29,2026-08-14-竞彩预测.csv,市场基线,,低
2026-08-14,2040851,2026-08-15,周五010,荷兰甲级联赛,特尔斯达,鹿特丹斯巴达,1.96,3.6,2.94,0.4522613065326633,0.2462311557788944,0.3015075376884422,0.4522613065326633,0.2462311557788944,0.3015075376884422,胜,跳过,官方赔率市场基线（未训练联赛）,2-1,大于2.5球,1,3,2,负,0,0,1,0:1,Payout,2026-08-15T10:29:29,2026-08-14-竞彩预测.csv,市场基线,,低
2026-08-14,2040853,2026-08-15,周五012,荷兰乙级联赛,赫拉克勒斯,登博思,1.46,4.3,4.71,0.6062392988421796,0.2058393898394377,0.1879213113183826,0.6062392988421796,0.2058393898394377,0.1879213113183826,胜,高置信主推,官方赔率市场基线（未训练联赛）,2-1,大于2.5球,3,2,0,胜,1,0,1,1:0,Payout,2026-08-15T10:29:29,2026-08-14-竞彩预测.csv,市场基线,,低
2026-08-14,2040854,2026-08-15,周五013,法国乙级联赛,阿纳西,罗德兹,2.16,3.05,2.95,0.4097688716839348,0.2901969714220654,0.3000341568939997,0.4097688716839348,0.2901969714220654,0.3000341568939997,胜,跳过,官方赔率市场基线（未训练联赛）,1-0,小于2.5球,2,0,0,胜,1,0,1,1:0,Payout,2026-08-15T10:29:29,2026-08-14-竞彩预测.csv,市场基线,,低
2026-08-14,2040855,2026-08-15,周五014,法国乙级联赛,兰斯,敦刻尔克,1.68,3.4,4.2,0.5279503105590062,0.2608695652173913,0.2111801242236024,0.5279503105590062,0.2608695652173913,0.2111801242236024,胜,观察,官方赔率市场基线（未训练联赛）,1-0,小于2.5球,3,3,1,平,0,0,0,1:1,Payout,2026-08-15T10:29:29,2026-08-14-竞彩预测.csv,市场基线,,低
2026-08-14,2040856,2026-08-15,周五015,法国乙级联赛,圣埃蒂安,克莱蒙,1.33,4.4,6.7,0.6663200958343692,0.2014103926044798,0.1322695115611509,0.6663200958343692,0.2014103926044798,0.1322695115611509,胜,高置信主推,官方赔率市场基线（未训练联赛）,2-1,大于2.5球,3,1,0,胜,1,0,1,1:0,Payout,2026-08-15T10:29:29,2026-08-14-竞彩预测.csv,市场基线,,低
2026-08-14,2040859,2026-08-15,周五016,英格兰冠军联赛,伍尔弗汉普顿,布莱克本,1.38,4.05,6.35,0.6418223336952047,0.2186950174072549,0.1394826488975405,0.654428359020877,0.2105144025109613,0.1350572384681617,胜,高置信主推,官方赔率80% + 欧战历史校准20%（Elo缺失）,1-0,小于2.5球,2,2,1,平,0,0,0,1:1,Payout,2026-08-15T10:29:29,2026-08-14-竞彩预测.csv,欧战校准模型,,较低
2026-08-14,2040852,2026-08-15,周五011,荷兰乙级联赛,瓦尔韦克,多德勒支,1.74,3.5,3.72,0.5089356911675031,0.2530137436089872,0.2380505652235095,0.5089356911675031,0.2530137436089872,0.2380505652235095,胜,观察,官方赔率市场基线（未训练联赛）,1-1,小于2.5球,2,2,1,平,0,0,0,0:1,Payout,2026-08-15T10:29:29,2026-08-14-竞彩预测.csv,市场基线,,低
2026-08-14,2040867,2026-08-15,周六006,韩职,光州FC,浦项制铁,3.85,3.02,1.86,0.2301640633963253,0.2934210741973022,0.4764148624063724,0.222290146199026,0.3034642867343805,0.4742455670665935,负,跳过,历史数据训练模型,1-1,小于2.5球,1,2,2,负,1,0,0,0:1,Payout,2026-08-15T23:30:08,2026-08-14-竞彩预测.csv,市场基线,,正常
2026-08-14,2040866,2026-08-15,周六005,韩职,首尔FC,大田市民,1.86,3.35,3.42,0.4763983833142059,0.2645077590938576,0.2590938575919365,0.4709805153314371,0.2719443425999039,0.2570751420686589,胜,跳过,历史数据训练模型,1-1,小于2.5球,4,2,0,胜,1,0,0,0:1,Payout,2026-08-15T23:30:08,2026-08-14-竞彩预测.csv,市场基线,,正常
2026-08-14,2040864,2026-08-15,周六003,日职,浦和红钻,广岛三箭,3.6,3.35,1.81,0.2460885975770612,0.2644534182917673,0.4894579841311715,0.2946534208994403,0.2565588509260366,0.448787728174523,负,观察,历史数据训练模型,1-1,小于2.5球,1,4,2,负,1,0,0,1:2,Payout,2026-08-15T23:30:08,2026-08-14-竞彩预测.csv,市场基线,,正常
2026-08-14,2040865,2026-08-15,周六004,日职,神户胜利船,东京FC,2.13,3.12,2.95,0.4158477574311778,0.2838960651693617,0.3002561773994606,0.4221268756403803,0.2755170299103899,0.3023560944492298,胜,跳过,历史数据训练模型,1-0,小于2.5球,2,2,1,平,0,0,0,1:1,Payout,2026-08-15T23:30:08,2026-08-14-竞彩预测.csv,市场基线,,正常
2026-08-14,2040862,2026-08-15,周六001,日职,鹿岛鹿角,名古屋鲸八,1.77,3.35,3.77,0.5005370186153243,0.2644628426713802,0.2350001387132955,0.5005634465173079,0.2734469178870908,0.2259896355956012,胜,跳过,历史数据训练模型,1-1,小于2.5球,2,1,0,胜,1,0,0,1:0,Payout,2026-08-15T23:30:08,2026-08-14-竞彩预测.csv,市场基线,,正常
2026-08-14,2040863,2026-08-15,周六002,日本乙级联赛,秋田蓝色闪电,富山胜利,2.53,3.04,2.47,0.3500752945345026,0.2913455576224644,0.358579147843033,0.3500752945345026,0.2913455576224644,0.358579147843033,负,跳过,官方赔率市场基线（未训练联赛）,1-1,小于2.5球,0,4,2,负,1,0,0,0:2,Payout,2026-08-15T23:30:08,2026-08-14-竞彩预测.csv,市场基线,,低
2026-08-15,2040857,2026-08-15,周五017,葡超,里斯本竞技,吉马良斯,1.19,5.3,10.0,0.7443088460404172,0.1671184012807729,0.0885727526788096,0.7443088413657469,0.1671184022527597,0.0885727563814932,胜,跳过,历史数据训练模型,3-0,大于2.5球,3,2,0,胜,1,0,1,3:0,Payout,2026-08-15T10:29:29,2026-08-15-竞彩预测.csv,葡超专用模型,葡超,正常
2026-08-15,2040868,2026-08-15,周六007,德国乙级联赛,柏林赫塔,海登海姆,2.3,3.4,2.5,0.3851381966470322,0.2605346624376982,0.3543271409152696,0.3851381966470322,0.2605346624376982,0.3543271409152696,胜,跳过,官方赔率市场基线（未训练联赛）,2-1,大于2.5球,4,1,0,胜,1,0,1,3:0,Payout,2026-08-15T23:30:08,2026-08-15-竞彩预测.csv,市场基线,,低
2026-08-15,2040919,2026-08-15,周六008,英格兰冠军联赛,博尔顿,普雷斯顿,2.0,3.16,3.2,0.4428871758934828,0.2803083391730904,0.2768044849334268,0.4492132730124912,0.2784422370891729,0.2723444898983357,胜,跳过,官方赔率80% + 欧战历史校准20%（Elo缺失）,1-0,小于2.5球,2,1,0,胜,1,0,0,2:0,Payout,2026-08-15T23:30:08,2026-08-15-竞彩预测.csv,欧战校准模型,,较低
2026-08-15,2040873,2026-08-15,周六013,葡超,阿尔维卡,阿马多拉,1.91,3.05,3.6,0.4636530625171546,0.2903532293140214,0.2459937081688237,0.4636530625171546,0.2903532293140214,0.2459937081688237,胜,跳过,官方赔率市场基线（球队尚未映射）,1-0,小于2.5球,2,2,1,平,0,0,0,0:0,Payout,2026-08-16T11:27:11,2026-08-15-竞彩预测.csv,市场基线,,低
2026-08-15,2040872,2026-08-15,周六012,荷兰甲级联赛,威廉二世,奈梅亨,4.45,4.05,1.52,0.1989496647006544,0.2185990143007191,0.5824513209986266,0.1989496647006544,0.2185990143007191,0.5824513209986266,负,观察,官方赔率市场基线（未训练联赛）,1-2,大于2.5球,1,4,2,负,1,0,1,0:1,Payout,2026-08-16T11:27:11,2026-08-15-竞彩预测.csv,市场基线,,低
2026-08-15,2040871,2026-08-15,周六011,挪威超级联赛,奥斯陆KFUM,利勒斯特罗姆,2.75,3.45,2.1,0.3218927024325224,0.2565811396201266,0.4215261579473508,0.3218927024325224,0.2565811396201266,0.4215261579473508,负,跳过,官方赔率市场基线（未训练联赛）,1-2,大于2.5球,1,1,1,平,0,0,0,0:0,Payout,2026-08-16T11:27:11,2026-08-15-竞彩预测.csv,市场基线,,低
2026-08-15,2040870,2026-08-15,周六010,英格兰冠军联赛,诺维奇,西布罗姆维奇,1.83,3.3,3.58,0.4840930324039927,0.2684515906967596,0.2474553768992476,0.4919655052022784,0.2653722332596695,0.2426622615380521,胜,跳过,官方赔率80% + 欧战历史校准20%（Elo缺失）,1-0,小于2.5球,1,2,2,负,0,0,0,0:0,Payout,2026-08-16T11:27:11,2026-08-15-竞彩预测.csv,欧战校准模型,,较低
2026-08-15,2040869,2026-08-15,周六009,瑞超,米亚尔比,天狼星,3.15,3.4,1.93,0.2810097852386355,0.2603473010299124,0.4586429137314519,0.3371657939913104,0.2319727907678163,0.4308614152408732,负,观察,历史数据训练模型,1-2,大于2.5球,4,3,0,胜,0,0,1,0:3,Payout,2026-08-16T11:27:11,2026-08-15-竞彩预测.csv,瑞超专用模型,瑞超,正常
2026-08-15,2040877,2026-08-16,周六017,荷兰甲级联赛,乌德勒支,阿尔克马尔,2.58,3.53,2.18,0.3431279874438182,0.2507847613612043,0.4060872511949775,0.3431279874438182,0.2507847613612043,0.4060872511949775,负,跳过,官方赔率市场基线（未训练联赛）,1-2,大于2.5球,1,4,2,负,1,0,1,0:1,Payout,2026-08-16T11:27:11,2026-08-15-竞彩预测.csv,市场基线,,低
2026-08-15,2040878,2026-08-16,周六018,葡超,维塞乌,圣克拉拉,2.95,2.95,2.22,0.3004059539918809,0.3004059539918809,0.3991880920162381,0.3004059539918809,0.3004059539918809,0.3991880920162381,负,跳过,官方赔率市场基线（球队尚未映射）,0-1,小于2.5球,0,1,2,负,1,1,1,0:1,Payout,2026-08-16T11:27:11,2026-08-15-竞彩预测.csv,市场基线,,低
2026-08-15,2040879,2026-08-16,周六019,西甲,阿拉维斯,赫塔费,2.18,2.6,3.5,0.4062862755603179,0.3406554156621127,0.2530583087775694,0.429240525128113,0.3030359944016571,0.2677234804702299,胜,跳过,历史数据训练模型,1-0,小于2.5球,3,0,0,胜,1,0,0,0:0,Payout,2026-08-16T11:27:11,2026-08-15-竞彩预测.csv,西甲专用模型,西甲,正常
2026-08-15,2040880,2026-08-16,周六020,沙特职业联赛,吉达联合,拉斯永恒,1.38,4.35,5.75,0.6421612046058459,0.2037201062887511,0.154118689105403,0.6421612046058459,0.2037201062887511,0.154118689105403,胜,高置信主推,官方赔率市场基线（未训练联赛）,2-1,大于2.5球,1,1,1,平,0,0,0,1:0,Payout,2026-08-16T11:27:11,2026-08-15-竞彩预测.csv,市场基线,,低
2026-08-15,2040884,2026-08-16,周六024,西甲,塞维利亚,巴列卡诺,2.2,2.84,3.1,0.4025237746891002,0.3118141916605706,0.2856620336503292,0.4009073760449075,0.3130145045388687,0.2860781194162237,胜,跳过,历史数据训练模型,1-0,小于2.5球,2,1,0,胜,1,0,0,0:1,Payout,2026-08-16T11:27:11,2026-08-15-竞彩预测.csv,西甲专用模型,西甲,正常
2026-08-15,2040883,2026-08-16,周六023,荷兰甲级联赛,福图纳锡塔德,坎布尔,1.57,3.95,4.2,0.5645641557911215,0.2243963859726735,0.2110394582362049,0.5645641557911215,0.2243963859726735,0.2110394582362049,胜,观察,官方赔率市场基线（未训练联赛）,2-1,大于2.5球,3,1,0,胜,1,0,1,2:1,Payout,2026-08-16T11:27:11,2026-08-15-竞彩预测.csv,市场基线,,低
2026-08-15,2040885,2026-08-16,周六025,葡超,里奥阿维,波尔图,8.0,4.6,1.27,0.1106397484943752,0.1924169539032612,0.6969432976023635,0.1106397468949408,0.1924169551108343,0.6969432979942248,负,跳过,历史数据训练模型,0-2,小于2.5球,0,2,2,负,1,1,1,0:1,Payout,2026-08-16T11:27:11,2026-08-15-竞彩预测.csv,葡超专用模型,葡超,正常
2026-08-15,2040886,2026-08-16,周六026,西甲,弗鲁米嫩塞,帕尔梅拉斯,2.7,2.7,2.57,0.3278061224489796,0.3278061224489796,0.3443877551020408,0.3278061224489796,0.3278061224489796,0.3443877551020408,负,跳过,官方赔率市场基线（球队尚未映射）,0-0,小于2.5球,3,2,0,胜,0,0,0,1:1,Payout,2026-08-16T11:27:11,2026-08-15-竞彩预测.csv,市场基线,,低
2026-08-15,2040876,2026-08-16,周六016,英格兰冠军联赛,谢菲尔德联,伯明翰,2.12,3.2,2.9,0.4177921844048262,0.2767873221681974,0.3054204934269764,0.4231511442328389,0.2756401978930804,0.3012086578740808,胜,跳过,官方赔率80% + 欧战历史校准20%（Elo缺失）,1-1,小于2.5球,0,0,1,平,0,0,1,0:0,Payout,2026-08-16T11:27:11,2026-08-15-竞彩预测.csv,欧战校准模型,,较低
2026-08-15,2040882,2026-08-16,周六022,荷兰甲级联赛,SBV精英,PSV埃因霍温,5.25,4.66,1.38,0.1686068462119304,0.1899540649383337,0.6414390888497357,0.1686068462119304,0.1899540649383337,0.6414390888497357,负,高置信主推,官方赔率市场基线（未训练联赛）,1-2,大于2.5球,1,2,2,负,1,1,1,0:1,Payout,2026-08-16T11:27:11,2026-08-15-竞彩预测.csv,市场基线,,低
2026-08-15,2040875,2026-08-16,周六015,沙特职业联赛,布赖代合作,赛哈特海湾,1.85,3.55,3.25,0.478387063335752,0.2493003006115891,0.2723126360526589,0.478387063335752,0.2493003006115891,0.2723126360526589,胜,跳过,官方赔率市场基线（未训练联赛）,2-1,大于2.5球,0,0,1,平,0,0,0,0:0,Payout,2026-08-16T11:27:11,2026-08-15-竞彩预测.csv,市场基线,,低
2026-08-15,2040874,2026-08-16,周六014,芬兰超级联赛,玛丽港,塞伊奈约基,5.35,4.5,1.39,0.1656229727403916,0.1969073120357989,0.6374697152238095,0.1656229727403916,0.1969073120357989,0.6374697152238095,负,高置信主推,官方赔率市场基线（未训练联赛）,1-2,大于2.5球,2,0,0,胜,0,0,0,1:0,Payout,2026-08-16T11:27:11,2026-08-15-竞彩预测.csv,市场基线,,低
2026-08-15,2040887,2026-08-16,周六027,美国职业大联盟,皇家盐湖城,明尼苏达联,1.63,3.72,4.05,0.5432889427393792,0.2380540259852656,0.2186570312753551,0.5432889427393792,0.2380540259852656,0.2186570312753551,胜,跳过,官方赔率市场基线（未训练联赛）,2-1,大于2.5球,1,1,1,平,0,0,0,0:0,Payout,2026-08-16T13:00:00,2026-08-15-竞彩预测.csv,市场基线,,低
2026-08-15,2040893,2026-08-16,周日006,瑞超,代格福什,IFK哥德堡,2.67,3.28,2.22,0.3314850727923301,0.2698369342547321,0.3986779929529375,0.3314850727923301,0.2698369342547321,0.3986779929529375,负,跳过,官方赔率市场基线（球队尚未映射）,1-1,小于2.5球,3,0,0,胜,0,0,0,3:0,Payout,2026-08-16T23:16:46,2026-08-15-竞彩预测.csv,市场基线,,低
2026-08-15,2040894,2026-08-16,周日007,瑞超,佐加顿斯,AIK索尔纳,1.37,4.5,5.65,0.6464448710288453,0.1968065496243373,0.1567485793468173,0.6097607931554387,0.1849241519998735,0.2053150548446878,胜,观察,历史数据训练模型,2-1,大于2.5球,1,3,2,负,0,0,1,0:3,Payout,2026-08-16T23:16:46,2026-08-15-竞彩预测.csv,瑞超专用模型,瑞超,正常
2026-08-15,2040892,2026-08-16,周日005,瑞超,布鲁马波卡纳,厄尔格里特,1.63,3.75,4.02,0.5434371181070003,0.2362140006705095,0.2203488812224902,0.5434371181070003,0.2362140006705095,0.2203488812224902,胜,跳过,官方赔率市场基线（球队尚未映射）,2-1,大于2.5球,3,1,0,胜,1,0,1,1:0,Payout,2026-08-16T23:16:46,2026-08-15-竞彩预测.csv,市场基线,,低
2026-08-15,2040921,2026-08-16,周日018,西甲,桑坦德竞技,比利亚雷亚尔,3.1,3.4,1.95,0.2855912125780745,0.2603919879388326,0.4540167994830929,0.2855912125780745,0.2603919879388326,0.4540167994830929,负,跳过,官方赔率市场基线（球队尚未映射）,1-1,小于2.5球,2,2,1,平,0,0,0,2:2,Payout,2026-08-17T18:36:34,2026-08-15-竞彩预测.csv,市场基线,,低
2026-08-15,2040906,2026-08-16,周日021,挪威超级联赛,萨尔普斯堡,桑纳菲尤尔,1.72,3.85,3.48,0.5151967268588304,0.2301658104408281,0.2546374627003414,0.5151967268588304,0.2301658104408281,0.2546374627003414,胜,跳过,官方赔率市场基线（未训练联赛）,2-1,大于2.5球,1,2,2,负,0,0,1,1:1,Payout,2026-08-17T18:36:34,2026-08-15-竞彩预测.csv,市场基线,,低
2026-08-15,2040905,2026-08-16,周日020,挪威超级联赛,布兰,汉坎,1.37,4.5,5.65,0.6464448710288453,0.1968065496243373,0.1567485793468173,0.6464448710288453,0.1968065496243373,0.1567485793468173,胜,高置信主推,官方赔率市场基线（未训练联赛）,2-1,大于2.5球,3,0,0,胜,1,0,1,1:0,Payout,2026-08-17T18:36:34,2026-08-15-竞彩预测.csv,市场基线,,低
2026-08-15,2040904,2026-08-16,周日019,挪威超级联赛,莫尔德,特罗姆瑟,1.96,3.53,2.98,0.4518836719790369,0.2509042484642811,0.297212079556682,0.4518836719790369,0.2509042484642811,0.297212079556682,胜,跳过,官方赔率市场基线（未训练联赛）,2-1,大于2.5球,3,2,0,胜,1,0,1,1:0,Payout,2026-08-17T18:36:34,2026-08-15-竞彩预测.csv,市场基线,,低
2026-08-15,2040920,2026-08-16,周日017,英格兰冠军联赛,伯恩利,西汉姆联,2.98,3.38,2.01,0.297243612180609,0.2620668533426671,0.4406895344767239,0.2952596244691955,0.2637284931349687,0.4410118823958357,负,跳过,官方赔率80% + 欧战历史校准20%（Elo缺失）,1-1,小于2.5球,2,2,1,平,0,0,0,0:1,Payout,2026-08-17T18:36:34,2026-08-15-竞彩预测.csv,欧战校准模型,,较低
2026-08-15,2040903,2026-08-16,周日016,荷兰甲级联赛,阿贾克斯,海伦芬,1.33,4.7,6.1,0.6662174094901705,0.1885253520472185,0.1452572384626109,0.6662174094901705,0.1885253520472185,0.1452572384626109,胜,高置信主推,官方赔率市场基线（未训练联赛）,2-1,大于2.5球,2,2,1,平,0,0,1,2:1,Payout,2026-08-17T18:36:34,2026-08-15-竞彩预测.csv,市场基线,,低
2026-08-15,2040902,2026-08-16,周日015,瑞超,哥德堡盖斯,马尔默,2.1,3.45,2.75,0.4215261579473508,0.2565811396201266,0.3218927024325224,0.4215261579473508,0.2565811396201266,0.3218927024325224,胜,跳过,官方赔率市场基线（球队尚未映射）,2-1,大于2.5球,0,1,2,负,0,0,0,0:0,Payout,2026-08-17T18:36:34,2026-08-15-竞彩预测.csv,市场基线,,低
2026-08-15,2040901,2026-08-16,周日014,瑞超,卡尔马,哈马比,4.22,3.85,1.58,0.2097759814605347,0.2299362705879107,0.5602877479515546,0.2352591581991691,0.2444826554936739,0.5202581863071569,负,跳过,历史数据训练模型,1-2,大于2.5球,0,4,2,负,1,0,1,0:1,Payout,2026-08-17T18:36:34,2026-08-15-竞彩预测.csv,瑞超专用模型,瑞超,正常
2026-08-15,2040900,2026-08-16,周日013,葡超,葡萄牙国民,埃斯托里尔,2.29,3.23,2.62,0.3871431120219954,0.2744760763251918,0.3383808116528127,0.3871431108797043,0.2744760693222816,0.3383808197980141,胜,跳过,历史数据训练模型,1-0,小于2.5球,2,0,0,胜,1,0,1,0:0,Payout,2026-08-17T18:36:34,2026-08-15-竞彩预测.csv,葡超专用模型,葡超,正常
2026-08-15,2040898,2026-08-16,周日011,英格兰社区盾杯,阿森纳,曼彻斯特城,2.37,3.17,2.55,0.373546088475455,0.2792757822355926,0.3471781292889524,0.373546088475455,0.2792757822355926,0.3471781292889524,胜,跳过,官方赔率市场基线（未训练联赛）,1-1,小于2.5球,3,0,0,胜,1,0,0,2:0,Payout,2026-08-17T18:36:34,2026-08-15-竞彩预测.csv,市场基线,,低
2026-08-15,2040897,2026-08-16,周日010,挪威超级联赛,奥勒松,瓦勒伦加,2.45,3.75,2.2,0.3614061986638922,0.2361187164604096,0.4024750848756981,0.3614061986638922,0.2361187164604096,0.4024750848756981,负,跳过,官方赔率市场基线（未训练联赛）,1-2,大于2.5球,5,5,1,平,0,0,1,4:2,Payout,2026-08-17T18:36:34,2026-08-15-竞彩预测.csv,市场基线,,低
2026-08-15,2040896,2026-08-16,周日009,荷兰甲级联赛,费耶诺德,前进之鹰,1.28,5.1,6.6,0.692079940784604,0.1736984949420182,0.1342215642733777,0.692079940784604,0.1736984949420182,0.1342215642733777,胜,精选主推,官方赔率市场基线（未训练联赛）,2-1,大于2.5球,2,2,1,平,0,0,1,2:0,Payout,2026-08-17T18:36:34,2026-08-15-竞彩预测.csv,市场基线,,低
2026-08-15,2040895,2026-08-16,周日008,荷兰甲级联赛,特温特,兹沃勒,1.15,6.2,10.2,0.7702801461632155,0.1428745432399512,0.0868453105968331,0.7702801461632155,0.1428745432399512,0.0868453105968331,胜,精选主推,官方赔率市场基线（未训练联赛）,3-0,大于2.5球,3,1,0,胜,1,0,1,1:1,Payout,2026-08-17T18:36:34,2026-08-15-竞彩预测.csv,市场基线,,低
2026-08-15,2040899,2026-08-16,周日012,芬兰超级联赛,AC奥卢,国际图尔库,2.8,3.15,2.2,0.31629392971246,0.2811501597444089,0.4025559105431309,0.31629392971246,0.2811501597444089,0.4025559105431309,负,跳过,官方赔率市场基线（未训练联赛）,1-1,小于2.5球,2,3,2,负,1,0,0,2:0,Payout,2026-08-17T18:36:34,2026-08-15-竞彩预测.csv,市场基线,,低
2026-08-16,2040888,2026-08-16,周日001,日本乙级联赛,德岛漩涡,鸟栖沙岩,2.35,2.95,2.74,0.3767507982008437,0.3001235172108416,0.3231256845883148,0.3767507982008437,0.3001235172108416,0.3231256845883148,胜,跳过,官方赔率市场基线（未训练联赛）,1-1,小于2.5球,0,0,1,平,0,0,1,0:0,Payout,2026-08-16T21:17:58,2026-08-16-竞彩预测.csv,市场基线,,低
2026-08-16,2040889,2026-08-16,周日002,荷兰甲级联赛,海牙,格罗宁根,2.66,3.35,2.2,0.3329869425744364,0.264401572312836,0.4026114851127276,0.3329869425744364,0.264401572312836,0.4026114851127276,负,跳过,官方赔率市场基线（未训练联赛）,1-1,小于2.5球,1,4,2,负,1,0,0,0:3,Payout,2026-08-16T21:17:58,2026-08-16-竞彩预测.csv,市场基线,,低
2026-08-16,2040891,2026-08-16,周日004,韩职,仁川联,金泉尚武,2.05,3.0,3.24,0.431769722814499,0.2950426439232409,0.2731876332622601,0.4204163376212345,0.29971214671115,0.2798715156676154,胜,跳过,历史数据训练模型,1-1,小于2.5球,1,1,1,平,0,1,1,0:0,Payout,2026-08-16T21:17:58,2026-08-16-竞彩预测.csv,韩职专用模型,韩职,正常
2026-08-16,2040890,2026-08-16,周日003,韩职,富川FC,全北现代,4.85,3.35,1.6,0.1825146846003234,0.2642376777049459,0.5532476376947305,0.1763002935469501,0.2829865595066171,0.5407131469464328,负,跳过,历史数据训练模型,1-1,小于2.5球,3,2,0,胜,0,0,0,2:0,Payout,2026-08-16T21:17:58,2026-08-16-竞彩预测.csv,韩职专用模型,韩职,正常
2026-08-16,2040911,2026-08-17,周日026,葡超,法马利康,马里迪莫,1.56,3.52,4.9,0.5676821401300718,0.251586403012191,0.1807314568577371,0.5676821401300718,0.251586403012191,0.1807314568577371,胜,观察,官方赔率市场基线（球队尚未映射）,1-0,小于2.5球,1,2,2,负,0,0,0,1:1,Payout,2026-08-17T18:36:34,2026-08-16-竞彩预测.csv,市场基线,,低
2026-08-16,2040910,2026-08-17,周日025,西甲,瓦斯科达伽马,桑托斯,1.77,3.4,3.7,0.5002584801367957,0.2604286793653318,0.2393128404978725,0.5002584801367957,0.2604286793653318,0.2393128404978725,胜,跳过,官方赔率市场基线（球队尚未映射）,1-0,小于2.5球,0,3,2,负,0,0,0,0:0,Payout,2026-08-17T18:36:34,2026-08-16-竞彩预测.csv,市场基线,,低
2026-08-16,2040908,2026-08-17,周日023,葡超,阿罗卡,摩雷伦斯,1.85,3.0,3.92,0.4787883722823874,0.2952528295741389,0.2259587981434737,0.4787883711719181,0.2952528326944175,0.2259587961336644,胜,跳过,历史数据训练模型,1-0,小于2.5球,4,0,0,胜,1,0,0,3:0,Payout,2026-08-17T18:36:34,2026-08-16-竞彩预测.csv,葡超专用模型,葡超,正常
2026-08-16,2040907,2026-08-17,周日022,西甲,西班牙人,莱万特,1.97,2.94,3.55,0.449438686090525,0.30115449374093,0.2494068201685449,0.4538371118481137,0.3034516944343488,0.2427111937175374,胜,跳过,历史数据训练模型,1-0,小于2.5球,3,0,0,胜,1,0,0,2:0,Payout,2026-08-17T18:36:34,2026-08-16-竞彩预测.csv,西甲专用模型,西甲,正常
2026-08-16,2040909,2026-08-17,周日024,挪威超级联赛,腓特烈斯塔,克里斯蒂安松,1.65,3.66,4.0,0.5366765643901903,0.2419443527988562,0.2213790828109534,0.5366765643901903,0.2419443527988562,0.2213790828109534,胜,跳过,官方赔率市场基线（未训练联赛）,2-1,大于2.5球,1,0,0,胜,1,0,0,1:0,Payout,2026-08-17T18:36:34,2026-08-16-竞彩预测.csv,市场基线,,低
2026-08-16,2040913,2026-08-17,周日028,美国职业大联盟,纽约城,费城联合,2.4,3.45,2.37,0.369233895549685,0.25685836212152,0.3739077423287949,0.369233895549685,0.25685836212152,0.3739077423287949,负,跳过,官方赔率市场基线（未训练联赛）,1-2,大于2.5球,2,3,2,负,1,0,1,2:0,Payout,2026-08-17T18:36:34,2026-08-16-竞彩预测.csv,市场基线,,低
2026-08-17,2040914,2026-08-17,周一001,芬兰超级联赛,赫尔辛基火花,坦佩雷山猫,2.5,3.35,2.32,0.3541258486353488,0.2642730213696632,0.3816011299949879,0.3541258486353488,0.2642730213696632,0.3816011299949879,负,跳过,官方赔率市场基线（未训练联赛）,1-1,小于2.5球,3,2,0,胜,0,0,0,2:2,Payout,2026-08-18T19:02:29,2026-08-17-竞彩预测.csv,市场基线,,低
2026-08-17,2040918,2026-08-18,周一006,西甲,巴西国际,里莫,1.43,3.85,5.9,0.6196549137284322,0.2301575393848462,0.1501875468867216,0.6196549137284322,0.2301575393848462,0.1501875468867216,胜,观察,官方赔率市场基线（球队尚未映射）,1-0,小于2.5球,1,1,1,平,0,0,1,1:0,Payout,2026-08-18T19:02:29,2026-08-17-竞彩预测.csv,市场基线,,低
2026-08-17,2040922,2026-08-18,周一004,西甲,拉科鲁尼亚,埃尔切,1.98,2.9,3.6,0.4478764478764478,0.3057915057915057,0.2463320463320463,0.4478764478764478,0.3057915057915057,0.2463320463320463,胜,跳过,官方赔率市场基线（球队尚未映射）,1-0,小于2.5球,1,1,1,平,0,0,1,1:0,Payout,2026-08-18T19:02:29,2026-08-17-竞彩预测.csv,市场基线,,低
2026-08-17,2040916,2026-08-18,周一003,英格兰冠军联赛,加的夫城,雷克斯汉姆,2.37,3.14,2.57,0.3735586159009374,0.2819534776067585,0.3444879064923042,0.3776832959649585,0.2814162848111253,0.3409004192239161,胜,跳过,官方赔率80% + 欧战历史校准20%（Elo缺失）,1-1,小于2.5球,1,1,1,平,0,1,1,0:1,Payout,2026-08-18T19:02:29,2026-08-17-竞彩预测.csv,欧战校准模型,,较低
2026-08-17,2040915,2026-08-18,周一002,瑞超,赫根,哈尔姆斯塔德,1.22,5.4,8.05,0.7259640274553684,0.1640140950917684,0.1100218774528632,0.7365254421839357,0.1693548858043873,0.0941196720116769,胜,跳过,历史数据训练模型,2-1,大于2.5球,1,0,0,胜,1,0,0,1:0,Payout,2026-08-18T19:02:29,2026-08-17-竞彩预测.csv,瑞超专用模型,瑞超,正常
2026-08-18,2040944,2026-08-19,周二004,欧洲冠军联赛,费内巴切,里昂,1.85,3.34,3.45,0.4784404907720733,0.2650044634515975,0.2565550457763292,0.4867444298004972,0.261680573600829,0.2515749965986736,胜,跳过,官方赔率80% + 欧战历史/Elo校准20%,2-1,大于2.5球,1,1,1,平,0,0,0,0:1,Payout,2026-08-19T18:53:22,2026-08-18-竞彩预测.csv,欧战校准模型,,中
2026-08-18,2040950,2026-08-19,周二003,欧洲冠军联赛,萨格勒布迪纳摩,维京,1.55,3.85,4.45,0.5711309275772981,0.2299358279856654,0.1989332444370364,0.5791863295058413,0.2263380854140853,0.1944755850800733,胜,观察,官方赔率80% + 欧战历史/Elo校准20%,2-1,大于2.5球,2,2,1,平,0,0,1,2:2,Payout,2026-08-19T18:53:22,2026-08-18-竞彩预测.csv,欧战校准模型,,中
2026-08-18,2040943,2026-08-19,周二002,欧洲冠军联赛,索菲亚列夫斯基,雅典AEK,3.05,2.9,2.19,0.2903247925761696,0.3053415921921784,0.4043336152316518,0.2927379601406615,0.3072001485174467,0.4000618913418918,负,跳过,官方赔率80% + 欧战历史/Elo校准20%,1-1,小于2.5球,0,0,1,平,0,0,1,0:0,Payout,2026-08-19T18:53:22,2026-08-18-竞彩预测.csv,欧战校准模型,,中
2026-08-18,2040930,2026-08-19,周二001,南美解放者杯,里瓦达维亚独立,弗鲁米嫩塞,2.44,2.58,3.02,0.3631499468670184,0.343444135796715,0.2934059173362666,0.3631499468670184,0.343444135796715,0.2934059173362666,胜,跳过,官方赔率市场基线（未训练联赛）,1-1,小于2.5球,1,1,1,平,0,1,1,0:0,Payout,2026-08-19T18:53:22,2026-08-18-竞彩预测.csv,市场基线,,低
2026-08-18,2040937,2026-08-19,周三001,韩国杯,安养FC,济州SK,2.63,3.0,2.41,0.3369325622253393,0.2953775462175474,0.367689891557113,0.3369325622253393,0.2953775462175474,0.367689891557113,负,跳过,官方赔率市场基线（未训练联赛）,1-1,小于2.5球,2,1,0,胜,0,0,0,0:1,Payout,2026-08-20T19:34:37,2026-08-18-竞彩预测.csv,市场基线,nan,低
2026-08-20,2040931,2026-08-20,周三003,南美解放者杯,波特诺山丘,帕尔梅拉斯,5.15,3.0,1.66,0.1718485800062114,0.2950067290106629,0.5331446909831258,0.1718485800062114,0.2950067290106629,0.5331446909831258,负,跳过,官方赔率市场基线（未训练联赛）,0-1,小于2.5球,0,1,2,负,1,1,1,0:1,Payout,2026-08-20T19:34:37,2026-08-20-竞彩预测.csv,市场基线,nan,低
2026-08-20,2040932,2026-08-20,周三004,美国职业大联盟,纽约红牛,纳什维尔,2.8,3.22,2.17,0.3164669329782512,0.2751886373723923,0.4083444296493564,0.3164669329782512,0.2751886373723923,0.4083444296493564,负,跳过,官方赔率市场基线（未训练联赛）,1-2,大于2.5球,0,1,2,负,1,0,0,0:0,Payout,2026-08-20T19:34:37,2026-08-20-竞彩预测.csv,市场基线,nan,低
2026-08-20,2040933,2026-08-20,周三005,美国职业大联盟,科罗拉多急流,洛杉矶FC,2.46,3.22,2.43,0.3601889189637077,0.2751753852952549,0.3646356957410374,0.3601889189637077,0.2751753852952549,0.3646356957410374,负,跳过,官方赔率市场基线（未训练联赛）,1-2,大于2.5球,1,0,0,胜,0,0,0,1:0,Payout,2026-08-20T19:34:37,2026-08-20-竞彩预测.csv,市场基线,nan,低
2026-08-20,2040945,2026-08-20,周三006,欧洲冠军联赛,凯尔特人,LASK林茨,1.6,3.7,4.3,0.5541623127830025,0.2396377568791362,0.2061999303378613,0.5512447038584901,0.2412536518936804,0.2075016442478295,胜,跳过,官方赔率80% + 欧战历史/Elo校准20%,2-1,大于2.5球,3,0,0,胜,1,0,1,2:0,Payout,2026-08-20T19:34:37,2026-08-20-竞彩预测.csv,欧战校准模型,nan,中
2026-08-20,2040947,2026-08-20,周三008,欧洲冠军联赛,布拉迪斯拉发,采列,1.66,3.6,4.02,0.533604707756294,0.2460510596876244,0.2203442325560816,0.5364672634851049,0.2458322359763012,0.2177005005385937,胜,跳过,官方赔率80% + 欧战历史/Elo校准20%,2-1,大于2.5球,1,1,1,平,0,0,0,1:1,Payout,2026-08-20T19:34:37,2026-08-20-竞彩预测.csv,欧战校准模型,nan,中
2026-08-20,2040946,2026-08-20,周三007,欧洲冠军联赛,奈梅亨,博德闪耀,2.6,3.47,2.19,0.3405421392497524,0.2551612570747424,0.4042966036755052,0.3440606747423907,0.2553135969771502,0.4006257282804589,负,跳过,官方赔率80% + 欧战历史/Elo校准20%,1-2,大于2.5球,1,3,2,负,1,0,1,0:2,Payout,2026-08-20T19:34:37,2026-08-20-竞彩预测.csv,欧战校准模型,nan,中
2026-08-20,2040938,2026-08-20,周三002,西甲,马德里竞技,马拉加,1.22,4.8,9.85,0.7256764845824444,0.1844427731647046,0.0898807422528509,0.7397776885059557,0.1772763236532311,0.0829459878408131,胜,跳过,历史数据训练模型,3-0,大于2.5球,2,0,0,胜,1,0,0,0:0,Payout,2026-08-20T19:34:37,2026-08-20-竞彩预测.csv,西甲专用模型,西甲,正常
