samples,accuracy,log_loss,brier,mean_confidence,fold,train_samples,test_start,test_end,联赛,任务,候选模型
334,0.1347305389221557,3.1032760214218533,0.9442246830324535,0.12358553635017994,1,5690,2023-05-01,2024-05-04,英超,score,泊松基准
334,0.10179640718562874,2.998468158874669,0.9383883489523814,0.12147799365895826,2,6024,2024-05-04,2025-05-18,英超,score,泊松基准
334,0.12275449101796407,2.8651230198610693,0.9284224824726921,0.12263712285780068,3,6358,2025-05-18,2026-05-24,英超,score,泊松基准
334,0.1347305389221557,3.103275849131847,0.9442355900120745,0.12237871002606948,1,5690,2023-05-01,2024-05-04,英超,score,自动Dixon-Coles
334,0.10179640718562874,2.9980546324152,0.938298597993727,0.1202266336588129,2,6024,2024-05-04,2025-05-18,英超,score,自动Dixon-Coles
334,0.11976047904191617,2.865977866801404,0.9285602390805684,0.12078872525410829,3,6358,2025-05-18,2026-05-24,英超,score,自动Dixon-Coles
334,0.1347305389221557,3.1002276010704772,0.943784138731575,0.1210990950280357,1,5690,2023-05-01,2024-05-04,英超,score,自动Dixon-Coles+均值收缩10%
334,0.09880239520958084,3.0017762259854655,0.9380942194189495,0.119229437342211,2,6024,2024-05-04,2025-05-18,英超,score,自动Dixon-Coles+均值收缩10%
334,0.12275449101796407,2.8661600804767486,0.9286583348037268,0.12038475261672577,3,6358,2025-05-18,2026-05-24,英超,score,自动Dixon-Coles+均值收缩10%
334,0.11077844311377245,3.135820750253507,0.9476873245351715,0.1185277929966616,1,5690,2023-05-01,2024-05-04,英超,score,非线性泊松+自动Dixon-Coles
334,0.12574850299401197,2.9788548174457277,0.9372418548306767,0.11933504547349695,2,6024,2024-05-04,2025-05-18,英超,score,非线性泊松+自动Dixon-Coles
334,0.11676646706586827,2.8955939694480457,0.9295795139973282,0.12219094368023622,3,6358,2025-05-18,2026-05-24,英超,score,非线性泊松+自动Dixon-Coles
312,0.15384615384615385,2.79895925101769,0.9196645051030102,0.12770325447201533,1,5307,2023-05-04,2024-05-11,西甲,score,泊松基准
312,0.15384615384615385,2.8229417729274853,0.9197144406838785,0.12944285698364585,2,5619,2024-05-11,2025-05-18,西甲,score,泊松基准
312,0.16987179487179488,2.7764536648379474,0.9183604423016706,0.12719050430821616,3,5931,2025-05-18,2026-05-24,西甲,score,泊松基准
312,0.15384615384615385,2.798972096109353,0.9196565220679559,0.12567674484389962,1,5307,2023-05-04,2024-05-11,西甲,score,自动Dixon-Coles
312,0.14743589743589744,2.820568410934629,0.9193144922206881,0.12794738411313483,2,5619,2024-05-11,2025-05-18,西甲,score,自动Dixon-Coles
312,0.16666666666666666,2.775816991911081,0.9183059323235607,0.1234434855968767,3,5931,2025-05-18,2026-05-24,西甲,score,自动Dixon-Coles
312,0.16025641025641027,2.8017844630151343,0.919868049579803,0.12509937088716833,1,5307,2023-05-04,2024-05-11,西甲,score,自动Dixon-Coles+均值收缩10%
312,0.16666666666666666,2.824213772168996,0.9194956964142497,0.12675052725659033,2,5619,2024-05-11,2025-05-18,西甲,score,自动Dixon-Coles+均值收缩10%
312,0.16346153846153846,2.780973561686141,0.9188767106085498,0.12302722988673445,3,5931,2025-05-18,2026-05-24,西甲,score,自动Dixon-Coles+均值收缩10%
312,0.16666666666666666,2.792464907340444,0.9167607458915623,0.13196409250525135,1,5307,2023-05-04,2024-05-11,西甲,score,非线性泊松+自动Dixon-Coles
312,0.16346153846153846,2.8330006783121147,0.9197954714819341,0.13112778553031734,2,5619,2024-05-11,2025-05-18,西甲,score,非线性泊松+自动Dixon-Coles
312,0.15705128205128205,2.7937423096155274,0.9205671768566253,0.12676012331262895,3,5931,2025-05-18,2026-05-24,西甲,score,非线性泊松+自动Dixon-Coles
230,0.20869565217391303,2.9714135017254737,0.9294153566767104,0.11389784783200282,1,3928,2023-05-27,2024-05-12,德甲,score,泊松基准
230,0.09565217391304348,3.117388062915148,0.9476143792270274,0.11570289458411231,2,4158,2024-05-18,2025-05-17,德甲,score,泊松基准
230,0.11739130434782609,3.0102092768368225,0.9373594278700955,0.11491383885302726,3,4388,2025-10-31,2026-05-16,德甲,score,泊松基准
230,0.20434782608695654,2.9691203645591293,0.9286256767787899,0.11851296153517138,1,3928,2023-05-27,2024-05-12,德甲,score,自动Dixon-Coles
230,0.09130434782608696,3.1186694475133216,0.9479936508203917,0.12059468091341963,2,4158,2024-05-18,2025-05-17,德甲,score,自动Dixon-Coles
230,0.12173913043478261,3.01004514899541,0.9372077454856974,0.11974290010372116,3,4388,2025-10-31,2026-05-16,德甲,score,自动Dixon-Coles
230,0.1956521739130435,2.968858359847058,0.9288150072675787,0.1173546849223474,1,3928,2023-05-27,2024-05-12,德甲,score,自动Dixon-Coles+均值收缩10%
230,0.09130434782608696,3.115658701905375,0.9478486177781132,0.1197935124930967,2,4158,2024-05-18,2025-05-17,德甲,score,自动Dixon-Coles+均值收缩10%
230,0.12173913043478261,3.0137690559284978,0.9373685323452692,0.1190944899790211,3,4388,2025-10-31,2026-05-16,德甲,score,自动Dixon-Coles+均值收缩10%
230,0.1608695652173913,2.9714622937498065,0.9295451090085112,0.11585911946123893,1,3928,2023-05-27,2024-05-12,德甲,score,非线性泊松+自动Dixon-Coles
230,0.09130434782608696,3.110905116207815,0.9465397992687941,0.12364497062294816,2,4158,2024-05-18,2025-05-17,德甲,score,非线性泊松+自动Dixon-Coles
230,0.1391304347826087,2.9973255408321315,0.9374756887299548,0.12116118237459306,3,4388,2025-10-31,2026-05-16,德甲,score,非线性泊松+自动Dixon-Coles
306,0.15359477124183007,2.7993325657836405,0.9196409436986377,0.12658809571544827,1,5214,2023-05-14,2024-05-17,意甲,score,泊松基准
306,0.17320261437908496,2.7067226397623525,0.9124879199640579,0.12684143057357958,2,5520,2024-05-18,2025-05-23,意甲,score,泊松基准
306,0.10784313725490197,2.778206071446529,0.9234271201327489,0.1288181654126043,3,5826,2025-05-24,2026-05-24,意甲,score,泊松基准
306,0.1503267973856209,2.7997380119687234,0.9196864950575926,0.1285444189153165,1,5214,2023-05-14,2024-05-17,意甲,score,自动Dixon-Coles
306,0.17320261437908496,2.7068613405582553,0.9125136701721659,0.12822020317454122,2,5520,2024-05-18,2025-05-23,意甲,score,自动Dixon-Coles
306,0.10130718954248366,2.7793287855800295,0.9236892826130907,0.129961263355581,3,5826,2025-05-24,2026-05-24,意甲,score,自动Dixon-Coles
306,0.14705882352941177,2.8041399767455473,0.9200456475325964,0.12811513457228507,1,5214,2023-05-14,2024-05-17,意甲,score,自动Dixon-Coles+均值收缩10%
306,0.16666666666666666,2.7126772985478596,0.9130729422410107,0.1277207814275723,2,5520,2024-05-18,2025-05-23,意甲,score,自动Dixon-Coles+均值收缩10%
306,0.09803921568627451,2.7852434301787734,0.9243113077975696,0.12884054949972376,3,5826,2025-05-24,2026-05-24,意甲,score,自动Dixon-Coles+均值收缩10%
306,0.1568627450980392,2.8118050108699273,0.9206832317760913,0.1310819263541704,1,5214,2023-05-14,2024-05-17,意甲,score,非线性泊松+自动Dixon-Coles
306,0.13725490196078433,2.7207228919255337,0.9143370629780783,0.13085458320725496,2,5520,2024-05-18,2025-05-23,意甲,score,非线性泊松+自动Dixon-Coles
306,0.1111111111111111,2.7725388486164433,0.9229735761597048,0.1326552352385,3,5826,2025-05-24,2026-05-24,意甲,score,非线性泊松+自动Dixon-Coles
301,0.09966777408637874,2.782829028224526,0.9231288916834496,0.12756357942245164,1,5121,2023-02-12,2024-02-25,法甲,score,泊松基准
301,0.10963455149501661,2.998232446457572,0.9399150600434164,0.1265352356816712,2,5422,2024-02-25,2025-04-12,法甲,score,泊松基准
301,0.11627906976744186,3.029307990415953,0.9371314284503781,0.12524719476655327,3,5723,2025-04-13,2026-05-17,法甲,score,泊松基准
301,0.10963455149501661,2.7828167938847717,0.9230993142904782,0.12941889143082325,1,5121,2023-02-12,2024-02-25,法甲,score,自动Dixon-Coles
301,0.10631229235880399,2.999141282277073,0.9401606706425211,0.12841171134944876,2,5422,2024-02-25,2025-04-12,法甲,score,自动Dixon-Coles
301,0.11295681063122924,3.028979757600672,0.9370929046154399,0.12612752057485546,3,5723,2025-04-13,2026-05-17,法甲,score,自动Dixon-Coles
301,0.12292358803986711,2.7842394883758326,0.9232174193237505,0.12932008541042966,1,5121,2023-02-12,2024-02-25,法甲,score,自动Dixon-Coles+均值收缩10%
301,0.10299003322259136,3.0019469825932013,0.940184228458784,0.1283213114957047,2,5422,2024-02-25,2025-04-12,法甲,score,自动Dixon-Coles+均值收缩10%
301,0.11295681063122924,3.0290067742938356,0.9370022392222166,0.12610566841444043,3,5723,2025-04-13,2026-05-17,法甲,score,自动Dixon-Coles+均值收缩10%
301,0.10299003322259136,2.8304584902768504,0.9256889817140632,0.12597655247406533,1,5121,2023-02-12,2024-02-25,法甲,score,非线性泊松+自动Dixon-Coles
301,0.11295681063122924,3.0312070655732506,0.9423441153544688,0.1276423820708648,2,5422,2024-02-25,2025-04-12,法甲,score,非线性泊松+自动Dixon-Coles
301,0.09634551495016612,3.0294302264095734,0.9384491220995336,0.12270778253820518,3,5723,2025-04-13,2026-05-17,法甲,score,非线性泊松+自动Dixon-Coles
